{
    "type": "minecraft:entity",
    "pools": [
        {
            "rolls": 1,
            "entries": [
                {
                    "type": "minecraft:item",
                    "functions": [
                        {
                            "function": "minecraft:set_count",
                            "count": {
                                "min": 0.0,
                                "max": 2.0,
                                "type": "minecraft:uniform"
                            }
                        },
                        {
                            "function": "minecraft:looting_enchant",
                            "count": {
                                "min": 0.0,
                                "max": 1.0
                            }
                        }
                    ],
                    "name": "minecraft:gunpowder"
                }
            ]
        },
        {
            "rolls": 1,
            "entries": [
                {
                    "type": "minecraft:tag",
                    "weight": 1,
                    "name": "minecraft:creeper_drop_music_discs",
                    "expand": true
                },
                {
                    "type": "minecraft:item",
                    "weight": 1,
                    "name": "minecraft:music_disc_11",
                    "functions": [
                        {
                            "function": "minecraft:set_nbt",
                            "tag": "{CustomModelData:1, HideFlags:32, display:{Lore:[\"\\\"\\\\u00a77Tengi_Rozpierdol__Instrumental_\\\"\"]}}"
                        }
                    ]
                }
            ],
            "conditions": [
                {
                    "condition": "minecraft:entity_properties",
                    "predicate": {
                        "type": "#minecraft:skeletons"
                    },
                    "entity": "killer"
                }
            ]
        }
    ]
}